﻿<?xml version="1.0" encoding="UTF-8"?>
<NewBookData xmlns:xsi="https://www.proquest.com/" d1p1:schemaLocation="https://www.proquest.com/ aaa.xsd" xmlns="https://www.proquest.com/" xmlns:d1p1="https://www.proquest.com/XMLSchema-instance">
  <Header>
    <ContentDate>2022-09-29 07:04:07</ContentDate>
  </Header>
  <BookRecords>
    <BookRecord>
      <BookName>Glimpse of God</BookName>
      <BookPrice>16.99</BookPrice>
      <BookCategory>Category 1</BookCategory>
      <BookAuthor>R P Shah</BookAuthor>
    </BookRecord>
  </BookRecords>
</NewBookData>