﻿<?xml version="1.0" encoding="UTF-8"?>
<NewBookData xmlns:xsi="https://www.proquest.com/" d1p1:schemaLocation="https://www.proquest.com/ aaa.xsd" xmlns="https://www.proquest.com/" xmlns:d1p1="https://www.proquest.com/XMLSchema-instance">
  <Header>
    <ContentDate>2022-09-29 07:10:07</ContentDate>
  </Header>
  <BookRecords>
    <BookRecord>
      <BookName>Book 2</BookName>
      <BookPrice>10.05</BookPrice>
      <BookCategory>Category 2</BookCategory>
      <BookAuthor>Author 2</BookAuthor>
    </BookRecord>
    <BookRecord>
      <BookName>Book 3</BookName>
      <BookPrice>11.05</BookPrice>
      <BookCategory>Category 3</BookCategory>
      <BookAuthor>Author 3</BookAuthor>
    </BookRecord>
  </BookRecords>
</NewBookData>